TraitID,TraitName,TOP ID
617,Bark carbon content per bark dry mass,TOP376
618,Bark nitrogen content per bark dry mass,TOP386
619,Bark phosphorus content per bark dry mass,TOP387
450,Branch nitrogen content per branch dry mass,TOP424
863,Branch phosphorus content per branch dry mass,TOP425
864,Branch potassium content per branch dry mass,TOP426
643,Coarse root aluminium content per coarse root dry mass,TOP392
641,Coarse root calcium content per coarse root dry mass,TOP394
456,Coarse root carbon content per coarse root dry mass,TOP395
654,Coarse root copper content per coarse root dry mass,TOP398
644,Coarse root iron content per coarse root dry mass,TOP399
642,Coarse root magnesium content per coarse root dry mass,TOP400
459,Coarse root nitrogen content per coarse root dry mass,TOP405
620,Coarse root phosphorus content per coarse root dry mass,TOP406
646,Coarse root potassium content per coarse root dry mass,TOP407
647,Coarse root sulfur content per coarse root dry mass,TOP409
656,Coarse root zinc content per coarse root dry mass,TOP410
841,Branch coarse woody debris carbon content per branch coarse woody debris dry mass,TOP662
844,Branch coarse woody debris copper content per branch coarse woody debris dry mass,TOP665
849,Branch coarse woody debris iron content per branch coarse woody debris dry mass,TOP666
853,Branch coarse woody debris manganese content per branch coarse woody debris dry mass,TOP668
854,Branch coarse woody debris nitrogen content per branch coarse woody debris dry mass,TOP672
855,Branch coarse woody debris phosphorus content per branch coarse woody debris dry mass,TOP673
859,Branch coarse woody debris sulfur content per branch coarse woody debris dry mass,TOP676
860,Branch coarse woody debris zinc content per branch coarse woody debris dry mass,TOP677
1149,Stem coarse woody debris aluminium content per stem coarse woody debris dry mass,TOP640
1152,Stem coarse woody debris calcium content per stem coarse woody debris dry mass,TOP642
1153,Stem coarse woody debris carbon content per stem coarse woody debris dry mass,TOP643
1159,Stem coarse woody debris iron content per stem coarse woody debris dry mass,TOP647
1162,Stem coarse woody debris magnesium content per stem coarse woody debris dry mass,TOP648
1163,Stem coarse woody debris manganese content per stem coarse woody debris dry mass,TOP649
1165,Stem coarse woody debris nitrogen content per stem coarse woody debris dry mass,TOP653
1170,Stem coarse woody debris potassium content per stem coarse woody debris dry mass,TOP655
1173,Stem coarse woody debris sodium content per stem coarse woody debris dry mass,TOP651
1174,Stem coarse woody debris sulfur content per stem coarse woody debris dry mass,TOP657
1259,Stem coarse woody debris zinc content per stem coarse woody debris dry mass,TOP658
237,Dispersule length trait,TOP90
236,Dispersule width trait,TOP94
475,Fine root nitrogen content per fine root dry mass,TOP558
207,Flower color,TOP242
209,Flower heterostyly type,TOP320
204,Plant generative reproduction type,TOP129
213,Plant dicliny type,TOP295
918,Fruit length,TOP92
249,Leaf aluminium content per leaf dry mass,TOP449
410,Plant leaf area trait,TOP72
109,Leaf area ratio trait,TOP87
252,Leaf calcium content per leaf dry mass,TOP451
674,Cotyledon carbon content per cotyledon dry mass,TOP433
570,Leaf carbon content per leaf area,TOP471
253,Leaf cobalt content per leaf dry mass,TOP454
17,Leaf compoundness,TOP222
255,Leaf copper content per leaf dry mass,TOP455
55,Leaf dry mass trait,TOP39
47,Leaf dry matter content trait,TOP44
163,Leaf fresh mass trait,TOP34
256,Leaf iron content per leaf dry mass,TOP456
144,Leaf length trait,TOP12
940,Leaf lamina length,TOP15
1253,Leaf magnesium content per leaf area,TOP476
257,Leaf magnesium content per leaf dry mass,TOP457
258,Leaf manganese content per leaf dry mass,TOP458
104,Leaf midvein thickness,TOP23
259,Leaf molybdenum content per leaf dry mass,TOP459
261,Leaf nickel content per leaf dry mass,TOP461
667,Cotyledon nitrogen content per cotyledon dry mass,TOP443
779,Petiole thickness,TOP59
778,Petiole dry mass,TOP63
777,Petiole fresh mass,TOP62
143,Petiole length,TOP58
973,Petiole area,TOP60
1011,Specific petiole area,TOP64
51,Leaf phosphorus content per leaf area,TOP482
15,Leaf phosphorus content per leaf dry mass,TOP463
52,Leaf potassium content per leaf area,TOP483
44,Leaf potassium content per leaf dry mass,TOP464
54,Leaf dark respiration rate per leaf area,TOP361
41,Leaf dark respiration rate per leaf dry mass,TOP362
264,Leaf silicon content per leaf dry mass,TOP465
260,Leaf sodium content per leaf dry mass,TOP460
262,Leaf sulfur content per leaf dry mass,TOP466
46,Leaf thickness trait,TOP19
120,Leaf volume trait,TOP29
145,Leaf width trait,TOP16
268,Leaf zinc content per leaf dry mass,TOP467
985,Leaflet length,TOP14
987,Litter aluminium content per litter dry mass,TOP583
991,Litter calcium content per litter dry mass,TOP585
72,Litter carbon content per litter dry mass,TOP586
995,Litter iron content per litter dry mass,TOP590
997,Litter magnesium content per litter dry mass,TOP591
999,Litter molybdenum content per litter dry mass,TOP593
1000,Litter nickel content per litter dry mass,TOP595
70,Litter nitrogen content per litter dry mass,TOP596
71,Litter phosphorus content per litter dry mass,TOP597
1004,Litter sodium content per litter dry mass,TOP594
1007,Litter zinc content per litter dry mass,TOP601
53,Leaf photosynthetic rate per leaf area,TOP357
40,Leaf photosynthetic rate per leaf dry mass,TOP359
110,Leaf mass ratio trait,TOP84
18,Plant height trait,TOP68
343,Plant life form,TOP210
347,Plant apomixis type,TOP120
817,Shoot metamorphosis,TOP148
816,Plant storage organ,TOP166
668,Plant nitrogen content per plant dry mass,TOP520
29,Flower pollination syndrome,TOP333
514,Root respiration rate per root dry mass,TOP366
2957,,
3790,,
829,,
830,,
2958,,
831,,
2959,,
2961,,
2962,,
3791,,
832,,
833,,
2960,,
834,,
835,,
836,,
837,,
2963,,
838,,
24,,
3355,,
3356,,
839,,
4079,,
2964,,
3792,,
3793,,
2632,,
2720,,
2721,,
2568,,
2551,,
2569,,
2623,,
2553,,
2624,,
2799,,
3336,,
3337,,
2677,,
2550,,
2562,,
2563,,
2644,,
2647,,
2771,,
2723,,
2703,,
2700,,
2717,,
2622,,
2572,,
2574,,
2552,,
2575,,
2564,,
2786,,
2798,,
2547,,
2787,,
2756,,
2557,,
2577,,
2585,,
2561,,
2651,,
2578,,
2666,,
2559,,
2545,,
2549,,
2658,,
2659,,
2546,,
3590,,
3589,,
3591,,
3592,,
3617,,
2980,,
3709,,
3712,,
3711,,
3710,,
3713,,
3864,,
2973,,
447,,
2974,,
3386,,
3066,,
3067,,
3065,,
3387,,
3388,,
3404,,
3389,,
448,,
3625,,
3392,,
3844,,
2975,,
3360,,
3499,,
2976,,
2977,,
443,,
451,,
3607,,
3606,,
861,,
862,,
3845,,
442,,
444,,
446,,
453,,
445,,
3659,,
3627,,
2978,,
3390,,
3391,,
3707,,
3703,,
3704,,
3708,,
3863,,
2979,,
3105,,
3104,,
3103,,
3102,,
153,,
865,,
4080,,
1625,,
649,,
1609,,
657,,
1611,,
3176,,
651,,
1544,,
1622,,
1527,,
1761,,
166,,
1545,,
1599,,
1529,,
658,,
1612,,
1605,,
1577,,
1563,,
1570,,
1775,,
3189,,
1653,,
1759,,
1526,,
1750,,
1751,,
1538,,
457,,
1757,,
1747,,
1698,,
1699,,
1613,,
1614,,
1615,,
1675,,
1679,,
1678,,
1676,,
1682,,
1685,,
1694,,
1681,,
1598,,
3749,,
3742,,
3744,,
3740,,
3746,,
652,,
1768,,
1752,,
1550,,
1769,,
1718,,
1658,,
1528,,
1616,,
1776,,
1559,,
1619,,
648,,
1664,,
1762,,
1774,,
455,,
3196,,
3197,,
3198,,
3200,,
3201,,
3202,,
3203,,
3199,,
1732,,
1624,,
3741,,
1639,,
1637,,
1638,,
1641,,
1645,,
1646,,
3752,,
3751,,
1535,,
1628,,
1521,,
1773,,
1560,,
645,,
1606,,
3187,,
1569,,
1568,,
1754,,
1557,,
1630,,
655,,
1525,,
1019,,
3748,,
3739,,
1536,,
1632,,
1772,,
1633,,
1634,,
3750,,
3743,,
3745,,
3747,,
1636,,
1575,,
840,,
842,,
843,,
845,,
846,,
847,,
848,,
850,,
851,,
852,,
857,,
858,,
1057,,
1058,,
1059,,
1060,,
1061,,
1062,,
1063,,
1064,,
1065,,
1066,,
1067,,
1262,,
1068,,
1069,,
1070,,
1071,,
1072,,
1073,,
1147,,
1148,,
1150,,
1151,,
1154,,
1155,,
1156,,
1157,,
1158,,
1160,,
1161,,
1164,,
1166,,
1167,,
1168,,
1171,,
1172,,
1175,,
867,Coarse woody debris calcium content per coarse woody debris dry mass,
868,Coarse woody debris carbon content per coarse woody debris dry mass,
432,,
426,,
869,,
871,,
425,,
874,Coarse woody debris magnesium content per coarse woody debris dry mass,
875,Coarse woody debris manganese content per coarse woody debris dry mass,
876,Coarse woody debris nitrogen content per coarse woody debris dry mass,
878,Coarse woody debris phosphorus content per coarse woody debris dry mass,
879,Coarse woody debris potassium content per coarse woody debris dry mass,
882,Coarse woody debris sodium content per coarse woody debris dry mass,
2981,,
2982,,
885,,
888,,
2983,,
886,,
2985,,
2986,,
2987,,
2988,,
2984,,
3812,,
2989,,
2990,,
3399,,
889,,
3398,,
3397,,
3946,,
722,,
3395,,
3684,,
3047,,
3471,,
480,,
773,,
324,,
807,,
501,,
489,,
436,,
36,,
749,,
3396,,
325,,
3867,,
3868,,
193,,
890,,
3127,,
891,,
28,,
892,,
392,,
893,,
1263,,
232,,
894,,
231,,
3975,,
3974,,
2137,,
2120,,
2231,,
2160,,
2053,,
2054,,
2123,,
2097,,
2098,,
3250,,
2055,,
2056,,
2134,,
2039,,
2273,,
2272,,
2057,,
2108,,
2058,,
2124,,
2117,,
2227,,
3259,,
2093,,
2086,,
2089,,
2059,,
2075,,
3264,,
3245,,
3246,,
3248,,
2082,,
2287,,
2175,,
3263,,
2165,,
2038,,
2263,,
2133,,
2050,,
2051,,
2135,,
2138,,
2210,,
2211,,
2076,,
2077,,
3267,,
2233,,
2101,,
3249,,
2126,,
2188,,
2194,,
2196,,
2197,,
2199,,
2204,,
2193,,
2060,,
2061,,
2280,,
2265,,
2062,,
2283,,
2281,,
2186,,
2230,,
2170,,
2171,,
2129,,
2040,,
2128,,
2288,,
2102,,
2143,,
2063,,
2071,,
2176,,
2180,,
2064,,
2035,,
2113,,
2036,,
2276,,
3243,,
3244,,
3247,,
2136,,
2094,,
2065,,
3260,,
2073,,
2049,,
2248,,
2042,,
2066,,
2151,,
2154,,
2152,,
2149,,
2150,,
2153,,
2157,,
2158,,
2047,,
2253,,
3265,,
3266,,
2067,,
2118,,
3261,,
2081,,
2080,,
2068,,
2266,,
2069,,
2142,,
2037,,
2048,,
2214,,
2144,,
2044,,
2147,,
2087,,
2070,,
2034,,
2310,,
2353,,
2311,,
2312,,
2390,,
2529,,
2528,,
2295,,
2313,,
2364,,
2314,,
2373,,
2349,,
2342,,
2345,,
2315,,
2331,,
2338,,
2543,,
3300,,
2421,,
2294,,
2519,,
2307,,
2467,,
2446,,
2444,,
2455,,
2317,,
2536,,
2521,,
2537,,
2318,,
2486,,
2385,,
2327,,
2436,,
2320,,
2291,,
2292,,
2532,,
3280,,
2321,,
3297,,
2305,,
2322,,
2303,,
3302,,
3303,,
2323,,
2374,,
3298,,
2337,,
2336,,
2522,,
2325,,
2293,,
2304,,
2300,,
2403,,
2343,,
2326,,
1864,,
1975,,
1904,,
1797,,
3220,,
1986,,
1987,,
1953,,
1865,,
2012,,
1906,,
1798,,
1863,,
1866,,
1860,,
1841,,
3213,,
1799,,
1800,,
3215,,
1878,,
2004,,
2017,,
2016,,
167,,
3899,,
1855,,
423,,
1785,,
1802,,
1971,,
3222,,
1833,,
1856,,
1803,,
1819,,
1818,,
1826,,
2031,,
3225,,
3226,,
2015,,
896,,
1848,,
2006,,
2011,,
1877,,
695,,
1795,,
2013,,
1876,,
1879,,
1882,,
2003,,
1954,,
1957,,
1956,,
1955,,
1869,,
1820,,
1821,,
1849,,
1977,,
1847,,
3214,,
1845,,
1827,,
1828,,
1871,,
1946,,
1927,,
1931,,
1935,,
1934,,
1933,,
1932,,
1936,,
1938,,
1940,,
1941,,
1939,,
1942,,
1943,,
1950,,
1937,,
1928,,
1945,,
1947,,
1929,,
1854,,
1844,,
1804,,
422,,
1805,,
2008,,
2009,,
1822,,
1823,,
614,,
2024,,
2022,,
2027,,
2025,,
1930,,
1974,,
1914,,
1915,,
1916,,
424,,
1784,,
1839,,
1846,,
1887,,
1807,,
3217,,
1815,,
3221,,
1875,,
1835,,
1832,,
1970,,
1968,,
1969,,
1908,,
1920,,
1918,,
1924,,
1921,,
1922,,
1923,,
1925,,
1926,,
2018,,
2030,,
1808,,
1857,,
468,,
2020,,
1984,,
3237,,
3238,,
3239,,
3240,,
1985,,
1988,,
1994,,
3233,,
3234,,
3235,,
3236,,
3546,,
3011,,
1840,,
1829,,
1905,,
1838,,
1809,,
699,,
1817,,
1978,,
1979,,
1990,,
3218,,
1859,,
1991,,
1980,,
1883,,
1786,,
1810,,
3216,,
1981,,
1836,,
1834,,
1898,,
1900,,
1791,,
1997,,
1884,,
3228,,
3229,,
1972,,
1777,,
2803,,
2029,,
1996,,
1995,,
1816,,
1811,,
2014,,
1973,,
3224,,
1825,,
1824,,
1812,,
3219,,
1813,,
1850,,
1781,,
1851,,
1792,,
2028,,
1889,,
1890,,
1891,,
2000,,
1892,,
1814,,
1778,,
3777,,
3865,,
4048,,
581,,
3866,,
913,,
2936,,
3574,,
3772,,
3559,,
3008,,
914,,
3583,,
3822,,
3821,,
3579,,
3580,,
3715,,
210,,
3824,,
2999,,
2956,,
3773,,
3779,,
3576,,
2937,,
3823,,
3575,,
205,,
2991,,
3776,,
211,,
915,,
3568,,
3582,,
3578,,
2938,,
3987,,
3982,,
3577,,
3581,,
2935,,
215,,
3775,,
3778,,
3774,,
3497,,
597,,
3959,,
3958,,
2940,,
4076,,
3984,,
3614,,
3048,,
2939,,
3985,,
3600,,
2941,,
3981,,
99,,
917,,
605,,
585,,
586,,
3618,,
3784,,
3587,,
920,,
921,,
3789,,
3788,,
2817,,
3623,,
3622,,
1257,,
922,,
3719,,
3781,,
3787,,
923,,
924,,
3783,,
3780,,
2934,,
3785,,
3786,,
3782,,
2947,,
3881,,
3884,,
1104,,
2946,,
3613,,
3700,,
3701,,
3702,,
3840,,
3839,,
474,,
3073,,
3074,,
3,,
3906,,
810,,
731,,
546,,
4065,,
3054,,
3058,,
3114,,
3108,,
3110,,
3112,,
3109,,
3111,,
3113,,
490,,
926,,
174,,
3056,,
4083,,
3086,,
3115,,
3116,,
3117,,
125,,
3593,,
927,,
928,,
3598,,
929,,
541,,
333,,
3853,,
3854,,
3855,,
251,,
542,,
3905,,
545,,
547,,
2995,,
4047,,
3955,,
3478,,
89,,
146,,
151,,
3530,,
491,,
809,,
725,,
727,,
176,,
728,,
726,,
3374,,
3375,,
3376,,
3377,,
92,,
549,,
416,,
3001,,
3654,,
413,,
3476,,
3477,,
418,,
164,,
3474,,
3475,,
732,,
753,,
3932,,
3003,,
254,,
454,,
582,,
3887,,
3359,,
2953,,
930,,
3828,,
716,,
709,,
931,,
3886,,
16,,
932,,
3050,,
389,,
508,,
933,,
509,,
3456,,
3055,,
494,,
555,,
190,,
3511,,
677,,
2954,,
3004,,
338,,
182,,
183,,
751,,
101,,
180,,
3767,,
552,,
3930,,
3931,,
3964,,
934,,
3378,,
3053,,
3883,,
553,,
558,,
562,,
94,,
935,,
3907,,
936,,
3024,,
3022,,
3023,,
748,,
2955,,
806,,
181,,
62,,
3006,,
4033,,
121,,
123,,
3904,,
937,,
938,,
939,,
3062,,
3494,,
3829,,
548,,
755,,
3799,,
12,,
10,,
535,,
3900,,
87,,
3979,,
3837,,
3354,,
3584,,
557,,
2997,,
3838,,
963,,
559,,
107,,
573,,
3005,,
729,,
175,,
19,,
3383,,
964,,
3385,,
108,,
804,,
177,,
178,,
365,,
3384,,
805,,
179,,
3002,,
103,,
3651,,
745,,
724,,
723,,
105,,
743,,
744,,
742,,
498,,
79,,
550,,
661,,
412,,
660,,
3954,,
57,,
968,,
969,,
970,,
187,,
78,,
510,,
3046,,
56,,
3531,,
507,,
3619,,
3652,,
783,,
3870,,
3888,,
3889,,
3655,,
3771,,
3358,,
152,,
3902,,
3903,,
3901,,
4078,,
142,,
3060,,
3873,,
1264,,
615,,
37,Leaf phenology,
147,,
58,,
3026,,
3532,,
583,,
2996,,
2818,,
4050,,
3858,,
3859,,
3860,,
3857,,
503,,
3599,,
4039,,
4034,,
982,,
496,,
499,,
1266,,
663,,
512,,
664,,
2943,,
665,,
500,,
272,,
975,,
3084,,
3079,,
3081,,
3080,,
3071,,
3076,,
543,,
3657,,
3656,,
504,,
3658,,
551,,
540,,
369,,
368,,
976,,
263,,
154,,
3557,,
3061,,
3037,,
3038,,
3801,,
3465,,
3467,,
3466,,
977,,
978,,
544,,
708,,
85,,
126,,
3628,,
505,,
3498,,
265,,
118,,
115,,
506,,
3013,,
2998,,
3382,,
3381,,
3653,,
979,,
980,,
148,,
563,,
3871,,
4035,,
554,,
3072,,
3078,,
3869,,
2,,
560,,
266,,
4084,,
1267,,
111,,
981,,
43,,
561,,
267,,
4040,,
4036,,
793,,
794,,
792,,
795,,
796,,
789,,
740,,
4029,,
741,,
738,,
739,,
2951,,
2813,,
3798,,
367,,
3569,,
965,,
966,,
967,,
2815,,
782,,
173,,
188,,
189,,
983,,
3468,,
3089,,
3088,,
711,,
191,,
710,,
3770,,
3122,,
3120,,
3121,,
3402,,
3542,,
3541,,
984,,
572,,
713,,
714,,
1258,,
707,,
3800,,
3852,,
3850,,
3851,,
417,,
556,,
3809,,
971,,
972,,
759,,
887,,
897,,
898,,
899,,
900,,
1912,,
1911,,
901,,
902,,
1910,,
1917,,
1919,,
1909,,
1913,,
903,,
904,,
905,,
906,,
907,,
908,,
909,,
910,,
911,,
912,,
943,,
944,,
945,,
946,,
947,,
948,,
949,,
950,,
951,,
952,,
953,,
954,,
956,,
957,,
958,,
959,,
960,,
961,,
962,,
2880,,
2881,,
2878,,
2910,,
2885,,
2886,,
2893,,
2897,,
2882,,
2896,,
2891,,
2908,,
2879,,
2898,,
2901,,
2887,,
2913,,
2884,,
2892,,
2883,,
2888,,
988,,
989,,
758,,
990,,
1252,,
150,,
3519,,
3543,,
76,,
992,,
39,,
994,,
3521,,
3527,,
3528,,
3524,,
3520,,
3525,,
3526,,
3522,,
3529,,
3523,,
431,,
996,,
73,,
998,,
1001,,
3516,,
3500,,
2890,,
1002,,
3544,,
1003,<a target=' new' href='top-thesaurus.org/annotationInfo?viz=1&&trait=Litter potassium content per litter dry mass,
69,,
74,,
1006,,
1199,,
75,,
768,,
3861,,
3862,,
399,,
397,,
396,,
395,,
763,,
767,,
3424,,
766,,
764,,
3419,,
3420,,
3423,,
3425,,
3426,,
3415,,
3411,,
3414,,
3422,,
3418,,
3417,,
3416,,
3421,,
3413,,
3412,,
3427,,
3151,,
1447,,
1436,,
3370,,
7,,
1423,,
1424,,
1425,,
1426,,
1427,,
1428,,
1422,,
3150,,
1430,,
1431,,
1433,,
1432,,
1435,,
1429,,
1434,,
1030,,
2949,,
2950,,
2948,,
3366,,
3364,,
3365,,
3367,,
4075,,
186,,
185,,
487,,
537,,
479,,
3007,,
3126,,
3380,,
269,,
270,,
486,,
488,,
720,,
721,,
533,,
271,,
784,,
3687,,
666,,
22,,
3807,,
3806,,
3878,,
1012,,
1013,,
3394,,
974,,
135,,
134,,
3128,,
534,,
3802,,
3803,,
3804,,
49,,
3379,,
3805,,
3362,,
3978,,
3694,,
3693,,
3688,,
3692,,
3691,,
3690,,
3689,,
3393,,
3973,,
3856,,
3485,,
3755,,
3727,,
3459,,
5,,
3435,,
3444,,
2555,,
2773,,
449,,
3447,,
137,,
452,,
1020,,
458,,
3449,,
465,,
3551,,
1770,,
1534,,
20,,
3440,,
2814,,
3561,,
3972,,
2043,,
3268,,
2282,,
2261,,
2299,,
2538,,
3448,,
473,,
466,,
3552,,
2026,,
2021,,
2005,,
469,,
3507,,
3487,,
3962,,
3952,,
3953,,
3051,,
3441,,
129,,
3960,,
3040,,
3406,,
502,,
671,,
3036,,
3968,,
3125,,
3967,,
1032,,
3457,,
3460,,
1031,,
3451,,
700,,
119,,
117,,
776,,
3486,,
130,,
1046,,
1033,,
3550,,
1048,,
3549,,
3450,,
363,,
3933,,
3405,,
3461,,
1509,,
1504,,
470,,
669,,
3032,,
1307,,
3408,,
132,,
131,,
3724,,
3723,,
403,,
408,,
1034,,
3439,,
3437,,
3438,,
3445,,
128,,
136,,
3961,,
3548,,
529,,
670,,
3830,,
3012,,
3493,,
3495,,
3969,,
3971,,
3059,,
3970,,
3446,,
3431,,
3433,,
3432,,
3443,,
3428,,
3430,,
3429,,
3442,,
800,,
478,,
3512,,
435,,
1481,,
3027,,
1021,,
341,,
1023,,
3513,,
1024,,
3514,,
346,,
345,,
1025,,
1026,,
1027,,
3976,,
3616,,
916,,
3407,,
197,,
42,,
3401,,
3943,,
3400,,
587,,
77,,
3842,,
3797,,
1028,,
3107,,
1015,,
364,,
567,,
3361,,
3010,,
3106,,
1016,,
3942,,
3119,,
3118,,
3503,,
3039,,
2993,,
604,,
752,,
3496,,
59,,
3945,,
3699,,
599,,
1029,,
814,,
813,,
770,,
3685,,
3070,,
8,,
511,,
3509,,
3505,,
3515,,
437,,
3506,,
361,,
3908,,
3508,,
3697,,
201,,
155,,
1035,,
1036,,
679,,
3695,,
3028,,
609,,
1100,,
621,,
335,,
3841,,
439,,
819,,
681,,
3949,,
3827,,
3768,,
3825,,
3879,,
3826,,
3880,,
3371,,
3615,,
3090,,
1017,,
1251,,
344,,
1008,,
356,,
329,,
149,,
334,,
328,,
1206,,
358,,
357,,
613,,
1207,,
320,,
2952,,
3025,,
3504,,
38,Plant woodiness,
4021,,
4020,,
4024,,
4017,,
4018,,
4025,,
4022,,
4028,,
4019,,
4023,,
1042,,
1043,,
1044,,
3872,,
3919,,
4064,,
4063,,
4062,,
4061,,
4060,,
4059,,
4058,,
4057,,
684,,
688,,
4056,,
4055,,
4054,,
685,,
4052,,
4051,,
4053,,
4066,,
4067,,
4068,,
4069,,
4070,,
4071,,
4072,,
4073,,
4074,,
3604,,
1047,,
247,,
1049,,
1465,,
1050,,
3570,,
1051,,
1321,,
1324,,
1318,,
1295,,
1296,,
3136,,
3480,,
1053,,
1054,,
1336,,
1498,,
84,,
90,,
1055,,
3517,,
3533,,
1310,,
91,,
1056,,
1287,,
1074,,
3152,,
3131,,
3132,,
1517,,
1280,,
379,,
3560,,
1519,,
3148,,
3149,,
1367,,
83,,
1486,,
1487,,
798,,
785,,
116,,
3029,,
1494,,
1482,,
1417,,
1418,,
3033,,
3035,,
3034,,
3158,,
245,,
3157,,
1454,,
1455,,
3566,,
1281,,
1282,,
1411,,
1410,,
1407,,
1408,,
1390,,
1394,,
1393,,
1392,,
1391,,
1400,,
1401,,
1414,,
1413,,
1311,,
93,,
1312,,
1476,,
1077,,
1078,,
1079,,
1507,,
1506,,
1489,,
1515,,
1510,,
4077,,
1080,,
3565,,
3030,,
1508,,
1389,,
1452,,
1375,,
1372,,
1331,,
88,,
1301,,
3481,,
1345,,
3168,,
3966,,
1081,,
1269,,
1082,,
1289,,
1286,,
1438,,
1437,,
1446,,
1445,,
1444,,
1443,,
1439,,
1441,,
1442,,
1083,,
815,,
3696,,
1379,,
1440,,
1501,,
1513,,
1084,,
80,,
513,,
1315,,
81,,
1502,,
1466,,
1472,,
462,,
463,,
687,,
3534,,
3547,,
1361,,
1283,,
3130,,
1316,,
1085,,
1271,,
3562,,
683,,
390,,
3535,,
1341,,
246,,
1093,,
1086,,
3571,,
1290,,
1288,,
568,,
1356,,
1357,,
1358,,
515,,
516,,
1075,,
1076,,
6,,
1512,,
3014,,
1270,,
1087,,
86,,
1495,,
3147,,
1279,,
1278,,
1343,,
662,,
1088,,
1491,,
3977,,
1089,,
3031,,
3722,,
3567,,
3558,,
3563,,
3564,,
3015,,
3718,,
1514,,
3717,,
3716,,
2099,,
1843,,
1306,,
3573,,
1298,,
1308,,
82,,
1090,,
675,,
65,,
371,,
3572,,
1091,,
1479,,
1480,,
1285,,
1092,Root zinc content per root dry mass,
9,,
33,,
3482,,
3833,,
1099,,
3986,,
2944,,
3636,,
3041,,
3660,,
3586,,
1101,,
3634,,
3635,,
3510,,
112,,
95,,
3123,,
596,,
34,,
353,,
1102,,
234,,
1268,,
3836,,
350,,
678,,
2945,,
3372,,
351,,
1103,,
3603,,
336,,
138,,
1105,,
1106,,
2810,,
96,,
1110,,
4082,,
3000,,
3373,,
1112,,
3045,,
97,,
1107,,
610,,
3585,,
98,,
1108,,
3043,,
3832,,
66,,
1109,,
3834,,
3835,,
3042,,
3044,,
3810,,
3811,,
3947,,
1111,,
2809,,
2807,,
2808,,
159,,
359,,
3620,,
3948,,
611,,
3594,,
3605,,
1114,,
3403,,
1123,,
140,,
775,<a target=' new' href='top-thesaurus.org/annotationInfo?viz=1&&trait=Shoot carbon content per shoot dry mass,
1115,,
409,,
3610,,
1116,,
3611,,
1118,,
3819,,
3588,,
1255,,
3595,,
3686,,
3608,,
3612,,
1119,,
1120,,
3621,,
1121,,
3637,,
1186,,
1122,,
404,,
1125,,
1126,,
3609,,
1014,,
4015,,
3124,,
3951,,
3874,,
3983,,
3909,,
3920,,
3769,,
1130,,
1132,Ellenberg  moisture value,
1133,Ellenberg nutrient  value,
1134,Ellenberg  reaction value,
1136,Ellenberg  temperature value,
1137,,
4045,,
4043,,
4044,,
221,,
224,,
3097,,
3098,,
222,,
1022,,
3101,,
3099,,
3100,,
602,,
600,,
593,,
761,,
3094,,
3885,,
3095,,
3093,,
3092,,
3091,,
3410,,
3096,,
2942,,
3063,,
3720,,
788,,
3721,,
1138,,
3488,,
1139,,
1140,,
825,,
823,,
822,,
1141,,
244,,
824,,
242,,
218,,
243,,
200,,
827,,
3814,,
3813,,
3963,,
3545,,
4042,,
230,,
3409,,
2816,,
1143,,
1144,,
1142,,
1146,,
1145,,
196,,
595,,
30,,
318,,
31,,
228,,
1038,,
598,,
199,,
227,,
1039,,
601,,
1254,,
603,,
1040,,
1041,,
229,,
61,,
35,,
762,,
574,,
575,,
3965,,
1250,,
3630,,
3631,,
3633,,
3629,,
3632,,
3555,,
3556,,
631,,
3597,,
639,,
3847,,
3624,,
633,,
3957,,
4049,,
165,,
3518,,
3536,,
640,,
1261,,
1176,,
170,,
169,,
281,,
1177,,
172,,
3357,,
378,,
801,,
377,,
386,,
384,,
382,,
381,,
383,,
385,,
21,,
4046,,
524,,
3650,,
1181,,
1256,,
1182,,
374,,
373,,
372,,
797,,
380,,
1183,,
3794,,
2820,,
3763,,
3756,,
3758,,
3754,,
3760,,
3848,,
402,,
401,,
393,,
1184,,
634,,
326,,
3553,,
1187,,
3463,,
2994,,
630,,
632,<a target=' new' href='top-thesaurus.org/annotationInfo?viz=1&&trait=Stem wood molybdenum content per stem wood dry mass,
3464,,
3956,,
799,,
528,,
686,,
3537,,
3846,,
3849,,
3601,,
3538,,
1233,,
2819,,
3766,,
3843,,
3765,,
527,,
521,,
520,,
532,,
522,,
3796,,
526,,
3993,,
3991,,
3992,,
3918,,
3994,,
3995,,
476,,
1188,,
3934,,
3068,,
3596,,
4,,
3473,,
3877,,
3452,,
3472,,
3764,,
3736,,
1204,,
3064,,
3996,,
4010,,
394,,
3626,,
530,,
531,,
1189,,
637,,
3762,,
3753,,
676,,
3795,,
3009,,
362,,
3554,,
4012,,
3914,,
3911,,
3915,,
3913,,
4008,,
3912,,
4007,,
4009,,
3910,,
3916,,
3917,,
288,,
4014,,
4011,,
4013,,
3757,,
3759,,
3761,,
638,<a target=' new' href='top-thesaurus.org/annotationInfo?viz=1&&trait=Stem wood zinc content per stem wood dry mass,
171,,
3492,,
3490,,
3649,,
3491,,
3648,,
3489,,
780,,
481,,
3087,,
4037,,
1265,,
4032,,
4038,,
106,,
428,,
427,,
3882,,
430,,
429,,
68,,
3363,,
781,,
733,,
67,,
1190,,
735,,
734,,
4041,,
1191,,
1192,,
3921,,
1193,,
4031,,
4030,,
1194,,
3928,,
3923,,
3926,,
3929,,
3922,,
3924,,
3925,,
3927,,
3484,,
3483,,
3669,,
3682,,
3818,,
2965,,
691,,
694,,
3680,,
2966,,
1200,,
1201,,
689,,
3675,,
3683,,
3674,,
3672,,
3678,,
3673,,
3676,,
3671,,
3677,,
3665,,
3735,,
3728,,
3730,,
3726,,
3732,,
2967,,
3808,,
3661,,
3501,,
1202,,
692,,
3017,,
2969,,
2970,,
3662,,
3816,,
3681,,
690,,
1203,,
3815,,
693,,
828,,
3663,,
2968,,
3670,,
3738,,
3737,,
2971,,
3734,,
3725,,
3679,,
3664,,
3666,,
3667,,
3668,,
3817,,
3729,,
3731,,
3733,,
3502,,
2972,,
3820,,
3369,,
3455,,
1094,,
3368,,
1095,,
3453,,
1096,,
1097,,
3539,,
3540,,
1098,,
311,,
3988,,
1211,,
3875,,
316,,
303,,
1212,,
1213,,
3016,,
1260,,
292,,
4006,,
315,,
3997,,
1214,,
1215,,
3021,,
3019,,
3018,,
3020,,
304,,
3714,,
1216,,
289,,
1217,,
1218,,
1219,,
1220,,
1221,,
1222,,
1223,,
286,,
3998,,
314,,
273,,
4002,,
310,,
312,,
4001,,
301,,
1224,,
1225,,
4005,,
1226,,
1229,Wood nitrogen content per wood dry mass,
1230,,
300,,
1231,,
1232,,
290,,
295,,
1234,,
291,,
298,,
3990,,
3989,,
297,,
3950,,
564,,
287,,
293,,
565,,
308,,
4004,,
299,,
1235,,
3999,,
294,,
4000,,
1198,,
285,,
302,,
275,,
1208,,
1236,,
1237,,
1238,,
1239,,
282,,
276,,
1209,,
280,,
1240,,
277,,
278,,
279,,
419,,
283,,
1241,,
1243,,
1244,,
1245,,
1246,,
284,,
1205,,
1210,,
313,,
296,,
1195,,
1196,,
1197,,
420,,
518,,
3479,,
719,,
3876,,
248,Bark density,TOP282
650,Coarse root molybdenum content per coarse root dry mass,TOP402
653,Coarse root nickel content per coarse root dry mass,TOP404
856,Branch coarse woody debris potassium content per branch coarse woody debris dry mass,TOP674
1169,Stem coarse woody debris phosphorus content per stem coarse woody debris dry mass,TOP654
233,Dispersule dry mass trait,TOP110
235,Dispersule thickness trait,TOP98
471,Fine root carbon content per fine root dry mass,TOP548
698,Fine root phosphorus content per fine root dry mass,TOP559
212,Plant dichogamy type,TOP325
919,Fruit mass,TOP104
250,Leaf boron content per leaf dry mass,TOP450
13,Leaf carbon content per leaf dry mass,TOP452
539,Leaf chlorine content per leaf dry mass,TOP453
48,Leaf density trait,TOP55
14,Leaf nitrogen content per leaf dry mass,TOP462
1010,Petiole dry matter content,TOP66
986,Leaflet width,TOP18
1005,Litter sulfur content per litter dry mass,TOP600
517,Root respiration rate per root surface area,TOP365
50,Leaf nitrogen content per leaf area,TOP481
993,Litter copper content per litter dry mass,TOP589
26,Seed dry mass,TOP111
27,Seed length,TOP91
349,Seed shape,TOP114
238,Seed thickness,TOP99
239,Seed width,TOP95
704,Shoot calcium content per shoot dry mass,TOP680
705,Shoot iron content per shoot dry mass,TOP685
702,Shoot magnesium content per shoot dry mass,TOP686
703,Shoot manganese content per shoot dry mass,TOP687
1124,Shoot nickel content per shoot dry mass,TOP690
340,Shoot phosphorus content per shoot dry mass,TOP692
701,Shoot potassium content per shoot dry mass,TOP693
1127,Shoot sodium content per shoot dry mass,TOP689
1128,Shoot sulfur content per shoot dry mass,TOP695
1131,Ellenberg light value,TOP186
1135,Ellenberg salt value,TOP200
223,Plant chromosome number,TOP241
625,Stem wood aluminium content per stem wood dry mass,TOP602
623,Stem wood calcium content per stem wood dry mass,TOP604
636,Stem wood copper content per stem wood dry mass,TOP608
626,Stem wood iron content per stem wood dry mass,TOP609
624,Stem wood magnesium content per stem wood dry mass,TOP610
406,Stem nitrogen content per stem dry mass,TOP501
616,Stem phosphorus content per stem dry mass,TOP502
628,Stem wood potassium content per stem wood dry mass,TOP617
519,Stem respiration rate per stem surface area,TOP363
629,Stem wood sulfur content per stem wood dry mass,TOP619
45,Stomatal conductance trait,TOP367
63,Stomata density trait,TOP370
339,Shoot nitrogen content per shoot dry mass,TOP691
1129,Shoot zinc content per shoot dry mass,TOP696
208,Plant reproduction type,TOP123
407,Stem carbon content per stem dry mass,TOP491
1113,Shoot aluminium content per shoot dry mass,TOP678
1117,Shoot copper content per shoot dry mass,TOP684
635,Stem wood nickel content per stem wood dry mass,TOP614
627,Stem wood sodium content per stem wood dry mass,TOP613
826,Plant species altitudinal range,TOP173
